Ministère porteur ,Ministère nom complet,Nom du projet,Projet interministériel,Description et objectifs du projet,En savoir plus sur le projet,Début,Durée prévisionnelle en année,Phase du projet en cours,Coût estimé,Coût estimé par tranche,Zone fonctionnelle,Financement [programme(s)],Lien vers les Projets Annuels de Performances,Date de publication,,,,,,,,,,,
SPM,Premier ministre,FRANCE CONNECT,Oui,FranceConnect offre la possibilité aux usagers français et européens de se connecter à toutes les administrations à l’aide d’un seul bouton. Il s’agit d’un dispositif permettant de garantir l’identité d’un usager en s’appuyant sur des comptes existants pour lesquels son identité a été vérifiée. L’usager justifie simplement de son identité réelle auprès d’un service numérique qui ne le connait pas encore. L’usager peut utiliser la même identité numérique auprès de tous les services numériques qu’il souhaite.,https://doc.integ01.dev-franceconnect.fr/,2013-07-01,3.750684931506849,Déploiement,7,entre 5 et 9 M€,Gestion et contrôle des accès,Coordination du travail gouvernemental (P129),http://www.performance-publique.budget.gouv.fr/sites/performance_publique/files/farandole/ressources/2017/pap/pdf/DBGPGMPGM129.pdf#page=39,2016-11-03,,,,,,,,,,,
SPM,Premier ministre,PNR,Oui,"Le projet interministériel API-PNR, placé sous l'autorité du Premier Ministre, vise à collecter et traiter les informations des passagers aériens à des fins de lutte contre le terrorisme et les formes graves de criminalité.",,2011-07-01,5.923287671232877,Expérimentation,52,entre 20 et 100 M€,Protection et sécurité de l'espace national européen,Facilitation et sécurisation des échanges (P302),http://www.performance-publique.budget.gouv.fr/sites/performance_publique/files/farandole/ressources/2017/pap/pdf/DBGPGMPGM302.pdf#page=33,2016-11-03,,,,,,,,,,,
SPM,Premier ministre,VITAM,Oui,"Le programme Vitam, lancé par les ministères des Affaires Etrangères, de la Culture et de la Défense, a pour but de mettre en place un socle d’archivage électronique implémenté par les porteurs du programme et réutilisable par les autres administrations.
A ce titre, une solution logicielle libre d'archivage numérique, évolutive, facilement interfaçable et qui permette la gestion unitaire et sécurisée de très gros volumes d’archives est en cours d’élaboration : Vitam.
Le programme couvre ainsi : le projet solution logicielle Vitam, les trois projets d'implémentation de la solution logicielle Vitam (ADAMANT, ArchipelNG et SAPHIR) dans les trois ministères porteurs du programme et le projet Ad-Essor qui vise à la promotion de l'archivage numérique et de la solution logicielle Vitam.

Les éléments d'information budgétaire sur cette fiche ne concernent que le projet solution logicielle, les autres projets du programme étant aussi référencés par ailleurs.",http://www.modernisation.gouv.fr/ladministration-change-avec-le-numerique/par-son-systeme-dinformation/vitam-vers-un-socle-d-archivage-electronique-commun-toute-l-administration,2013-07-01,6.75616438356164,Conception / Réalisation,26.3,entre 20 et 100 M€,Archives définitives,Coordination du travail gouvernemental (P129),http://www.performance-publique.budget.gouv.fr/sites/performance_publique/files/farandole/ressources/2017/pap/pdf/DBGPGMPGM129.pdf#page=40,2016-11-03,,,,,,,,,,,
SPM,Premier ministre,Réseau Interministériel de l'Etat,Oui,"Le réseau interministériel de l’Etat (RIE) est un projet symbolique de la modernisation du système d’information (SI) de l’Etat. Opéré par le service à compétence nationale (SCN) RIE et rattaché à la DISIC, au sein du secrétariat général pour la modernisation de l’action publique (SGMAP), ce réseau national remplace d’ici à 2017 les différents réseaux exploités par les 17 ministères. Les gains de cette infrastructure partagée ? Une seule maintenance, une seule gestion de la sécurité et surtout un seul canal pour échanger des données entre ministères.",http://www.modernisation.gouv.fr/ladministration-change-avec-le-numerique/par-son-systeme-dinformation/les-trois-grandes-missions-du-reseau-interministeriel-de-letat,2011-05-01,5.923287671232877,Déploiement,59.5,entre 20 et 100 M€,Gestion des Systèmes d'Information et de Communication,Coordination du travail gouvernemental (P129),http://www.performance-publique.budget.gouv.fr/sites/performance_publique/files/farandole/ressources/2017/pap/pdf/DBGPGMPGM129.pdf#page=41,2016-11-03,,,,,,,,,,,
SPM,Premier ministre,SÉGUR-FONTENOY,Non,"Le projet Ségur, piloté par la DSI DSAF, vise à sécuriser le volet SI du regroupement de 11 services du Premier ministre, de deux cabinets ministériels, ainsi que de 9 autorités administratives indépendantes, au sein de l’ensemble immobilier Ségur-Fontenoy.
Les 2 500 utilisateurs concernés emménageront en deux vagues : 550 utilisateurs en T3 2016 et 1 860 utilisateurs en T4 2017.
Le projet vise plus spécifiquement à :
- définir et mettre en place le soutien SI des futurs occupants, en systématisant la mutualisation des services lorsque cela est possible,
- sécuriser la bonne prise en compte par les opérateurs des travaux de restructuration du site des besoins spécifiques aux SI,
- planifier les opérations de déménagement de T3 2016 et T4 2017.
Le déménagement est par ailleurs l’occasion pour la DSI DSAF de :
- concourir au schéma directeur des infrastructures DINSIC en démarrant la migration de ses salles vers un hébergeur ministériel et en ouvrant cette solution d’hébergement aux futurs occupants de Ségur,
- rationaliser, optimiser et industrialiser les opérations sur son SI, via le développement de services mutualisés ou externalisés et le développement de centres de services partagés.",http://www.info-fontenoysegur.fr/,2015-01-01,2.750684931506849,Déploiement,18.8,entre 9 et 20 M€,Immobilier,Coordination du travail gouvernemental (P129),http://www.performance-publique.budget.gouv.fr/sites/performance_publique/files/farandole/ressources/2017/pap/pdf/DBGPGMPGM129.pdf#page=42,2016-11-03,,,,,,,,,,,
MAEDI,Ministère des Affaires étrangères et du Développement international,DIPLOMATIE v2,Non,Version 2 du portail interministériel de la correspondance diplomatique,,2014-07-01,3.504109589041096,Conception / Réalisation,5,entre 5 et 9 M€,Action Diplomatique,Action de la France en Europe et dans le monde (P105),http://www.performance-publique.budget.gouv.fr/sites/performance_publique/files/farandole/ressources/2017/pap/pdf/DBGPGMPGM105.pdf#page=33,2016-11-03,,,,,,,,,,,
MAEDI,Ministère des Affaires étrangères et du Développement international,SAPHIR,Non,"Saphir (Système d’Archivage Pour l’Histoire, l’Information et la Recherche) est l’un des projets du programme Vitam lancé par les ministères des Affaires Etrangères, de la Culture et de la Défense, et qui a pour but de mettre en place un socle d’archivage électronique implémenté par les porteurs du programme, et réutilisable par les autres administrations.
Dans ce cadre, le projet Saphir porté par le ministère des Affaires étrangères et du Développement international vise à mettre en œuvre un système d’archivage électronique basé sur l’implémentation de la solution logicielle Vitam. Le projet inclut notamment la mise en cohérence du système d’information archivistique, la reprise des données et la collecte de la production dématérialisée du ministère.",,2015-12-07,En cadrage,Cadrage,En cadrage,En cadrage,Archives définitives,Action de la France en Europe et dans le monde (P105),http://www.performance-publique.budget.gouv.fr/sites/performance_publique/files/farandole/ressources/2017/pap/pdf/DBGPGMPGM105.pdf#page=31,2016-11-03,,,,,,,,,,,
MAEDI,Ministère des Affaires étrangères et du Développement international,CROCUS,Non,Logiciel de gestion budgétaire et comptable à l’étranger.,,2016-01-15,En cadrage,Cadrage,En cadrage,En cadrage,Finances,Action de la France en Europe et dans le monde (P105),http://www.performance-publique.budget.gouv.fr/sites/performance_publique/files/farandole/ressources/2017/pap/pdf/DBGPGMPGM105.pdf#page=34,2016-11-03,,,,,,,,,,,
MCAS,Ministères Chargés des Affaires Sociales,IMOTEP,Non,"Gestion des stages des internes en médecine : modernisation du SI de gestion des stages d’internat de médecine, pharmacie et odontologie. Le projet permet :
- le passage d’une vision régionale à une vision nationale et l’harmonisation des règles et pratiques,
- l’élargissement des fonctionnalités offertes aux ARS,
- l’ouverture aux organismes partenaires des parcours d’internat.",,2011-03-01,6.252054794520548,Déploiement,3.9,< 5 M€,Offre de soins,"Conduite et soutien des politiques sanitaires, sociales, du sport, de la jeunesse et de la vie associative (P124) / Prévention, sécurité sanitaire et offre de soins (P204)",http://www.performance-publique.budget.gouv.fr/sites/performance_publique/files/farandole/ressources/2017/pap/pdf/DBGPGMPGM124.pdf#page27,2016-11-03,,,,,,,,,,,
MCAS,Ministères Chargés des Affaires Sociales,SI Représentativité,Non,"Mesure de l’audience et de la représentativité syndicale et patronale (opération d’élection pour les TPE prévue en 2016)
Le programme SI Représentativité  regroupe 3 projets nécessaires à la mesure des audiences syndicale et patronale :
- le projet « MARS » mesure l’audience de la représentativité syndicale qui repose sur le traitement et l’agrégation des résultats des procès verbaux d’élections aux instances représentatives du personnel (IRP) dans les entreprises de 11 salariés et plus,
- le projet « TPE » mesure l’audience syndicale avec un scrutin dans les très petites entreprises et employés à domicile,
- le projet « Représentativité patronale » mesure l’audience patronale.",https://election-tpe.travail.gouv.fr ; https://www.elections-professionnelles.travail.gouv.fr ; https://www.representativite-patronale.travail.gouv.fr,2013-01-01,4.164383561643835,Conception / Réalisation,9.6,entre 9 et 20 M€,Travail,Amélioration de la qualité de l'emploi et des relations du travail (P111),http://www.performance-publique.budget.gouv.fr/sites/performance_publique/files/farandole/ressources/2017/pap/pdf/DBGPGMPGM111.pdf#page19,2016-11-03,,,,,,,,,,,
MCAS,Ministères Chargés des Affaires Sociales,"SI-Samu  (étape ""Construction & Pilote"")",Non,"Programme de modernisation des systèmes d'information et de télécommunication des Samu-Centres 15.
 Le SI-Samu est principalement composé d’un logiciel de régulation médicale (fonctionnellement riche), couplé à une architecture de téléphonie avancée à même de gérer une distribution intelligente des appels. Mutualisé, fortement sécurisé via une architecture distribuée grâce à maillage local des composants techniques critiques et interconnecté avec les partenaires des Samu, le SI-Samu permet d’apporter une réponse efficace aux enjeux structurants de l’aide médicale urgente sur l’ensemble du territoire métropolitain et ultra-marin. La cible technique retenue pour la modernisation du système d’information et de télécommunications des Samu-Centres 15  consiste à mettre en place une solution fondée sur des technologies web, où applications, téléphonie et radiocommunication sont étroitement intégrées afin de bénéficier des fonctionnalités offertes par la téléphonie sur IP. Cette cible permet ainsi à l’ensemble des Samu-Centres 15 de profiter des capacités offertes par les évolutions technologiques majeures de ces dernières années.

Nota : cette fiche concerne les étapes d'amorçage et ""Construction et Pilote"" de la phase de réalisation du programme SI-Samu  (2016-2018) dédiées au déploiement d’une première version applicative (V1R1) sur trois Samu, des services de collecte télécom sur la majorité des Samu et des services applicatifs spécifiques, notamment la gestion de crise, sur l’ensemble des Samu. ",,2014-09-01,4.3342465753424655,Conception / Réalisation,59,entre 20 et 100 M€,Offre de soins,,,2016-11-03,,,,,,,,,,,
MCAS,Ministères Chargés des Affaires Sociales,Déploiement de l'application RenoiRH et adaptations liées,Non,"RenoiRH modernise la gestion des ressources humaines des ministères sociaux :
Ce nouveau SIRH remplace depuis janvier 2016 les divers outils de gestion des ressources humaines des ministères sociaux. 
Co-construit avec le CISIRH, il s’inscrit dans un programme de modernisation de la fonction RH, incluant une réorganisation des services et des métiers, ainsi qu’une rénovation et externalisation des systèmes d’information.
Ce système unique et mutualisé couvre à lui seul toutes les activités de la fonction RH : gestion administrative individuelle et collective, gestion de la formation et des congés, portail agent. Il offre aussi une base solide de reporting pour le pilotage RH, ainsi les échanges avec le service des retraites de l’Etat (SRE). L’intégration de la préliquidation de la paie est prévu à l’horizon 2018.
Construit et maintenu au niveau interministériel, RenoiRH favorise l’harmonisation des pratiques, garantit l’application homogène du droit de la fonction publique et sécurise dans la durée l’exploitation du SIRH.",http://www.economie.gouv.fr/cisirh/accueil-renoirh,2012-01-01,6.920547945205479,Déploiement,27.1,entre 20 et 100 M€,Ressources Humaines,"Conduite et soutien des politiques sanitaires, sociales, du sport, de la jeunesse et de la vie associative (P124) / Conception, gestion et évaluation des politiques de l'emploi et du travail (P155)",http://www.performance-publique.budget.gouv.fr/sites/performance_publique/files/farandole/ressources/2017/pap/pdf/DBGPGMPGM124.pdf#page26,2016-11-03,,,,,,,,,,,
MAAF,"Ministère de l'Agriculture, de l'Agroalimentaire et de la Forêt",EXPADON 2,Non,Mise en place d'une téléprocédure pour que les exportateurs puissent demander en ligne les agréments et les certificats sanitaires ou phytosanitaires (environ 300 000 certificats par an) afin d'en accélérer et fiabiliser la délivrance en conformité avec les exigences des pays-tiers importateurs des produits français ou réexportés de France.,,2013-01-01,5.66849315068493,Conception / Réalisation,16.1,entre 9 et 20 M€,Alimentation,Sécurité et qualité sanitaires de l'alimentation (P206) / Économie et développement durable de l'agriculture et des territoires (P154),http://www.performance-publique.budget.gouv.fr/sites/performance_publique/files/farandole/ressources/2017/pap/pdf/DBGPGMPGM215.pdf#page=22,2016-11-03,,,,,,,,,,,
MAAF,"Ministère de l'Agriculture, de l'Agroalimentaire et de la Forêt",RESYTAL CYCLE 1,Non,"Refonte du SI de l’Alimentation support de la DGAL pour garantir la santé des consommateurs, des animaux, des végétaux et de l’environnement en s’assurant des conditions sanitaires dans lesquels les produits animaux et végétaux sont produits et mis sur le marché ou introduits sur le territoire.",,2012-12-01,5.087671232876712,Conception / Réalisation,21.6,entre 20 et 100 M€,Alimentation,Conduite et pilotage des politiques de l'agriculture (P215) / Sécurité et qualité sanitaires de l'alimentation (P206),http://www.performance-publique.budget.gouv.fr/sites/performance_publique/files/farandole/ressources/2017/pap/pdf/DBGPGMPGM215.pdf#page=23,2016-11-03,,,,,,,,,,,
MAAF,"Ministère de l'Agriculture, de l'Agroalimentaire et de la Forêt",SIRENA Cycle 1,Non,"Sirena est le programme de rénovation du système d'information de l'enseignement agricole et de la gestion des apprenants. Il permet l’interopérabilité avec les systèmes d'information du ministère de l'éducation nationale et des conseils régionaux. Il a également pour objectif de fiabiliser les données et les circuits d’alimentation des bases de gestion des apprenants du ministère (examens, bourses, gestion des moyens, suivi des parcours, décrochage scolaire).",http://www.chlorofil.fr/systeme-educatif-agricole/organisation-orientations-et-evolution-de-lea/systeme-dinformation-de-lenseignement-agricole/sirena.html,2015-01-01,4.002739726027397,Conception / Réalisation,11.3,entre 9 et 20 M€,Enseignement Agricole,Conduite et pilotage des politiques de l'agriculture (P215) / Enseignement technique agricole (P143),http://www.performance-publique.budget.gouv.fr/sites/performance_publique/files/farandole/ressources/2017/pap/pdf/DBGPGMPGM215.pdf#page=23,2016-11-03,,,,,,,,,,,
MCC,Ministère de la Culture et de la Communication,ADAMANT,Oui,"Adamant est l’un des projets du programme Vitam lancé par les ministères des Affaires Etrangères, de la Culture et de la Défense, et qui a pour but de mettre en place un socle d’archivage électronique implémentés par les porteurs du programme, et réutilisable par les autres administrations.
Dans ce cadre, le projet Adamant porté par le ministère de la Culture et de la Communication vise à l’implémentation de la solution logicielle Vitam.
Le projet inclut l’évolution du système d’information archivistique, la reprise des archives déjà conservées et la collecte de nouvelles archives relevant de la responsabilité des Archives nationales (archives définitives des ministères et opérateurs nationaux, à l’exception du MAEDI, du MINDEF et des ministères économiques et financiers) ainsi que la gestion de la conduite du changement nécessaire à la mise en œuvre de ce projet de transformation.",http://www.archives-nationales.culture.gouv.fr/fr/web/guest/adamant-projet-d-avenir,2015-04-01,En cadrage,Cadrage,En cadrage,En cadrage,Archives définitives,Patrimoines (P175),http://www.performance-publique.budget.gouv.fr/sites/performance_publique/files/farandole/ressources/2017/pap/pdf/DBGPGMPGM224.pdf#page=27,2016-11-03,,,,,,,,,,,
MCC,Ministère de la Culture et de la Communication,IconoLab,Non,"Le projet consiste à réaliser une expérimentation d'indexation (tagging) sémantique à travers un projet pilote : développer un outil collaboratif orienté 3.0 pour l’indexation de fonds d’images, dont le principe sera transposable à terme aux différents domaines de compétences du ministère de la Culture et de la Communication",,2015-04-01,3.0027397260273974,Conception / Réalisation,0.3,< 5 M€,Données culturelles transverses,Transmission des savoirs et démocratisation de la culture (P224),http://www.performance-publique.budget.gouv.fr/sites/performance_publique/files/farandole/ressources/2017/pap/pdf/DBGPGMPGM224.pdf#page=28,2016-11-03,,,,,,,,,,,
MINDEF,Ministère de la Défense,ALPHA,Non,"Gestion des achats : le périmètre fonctionnel comprend les domaines de la planification des projets d’achats, du pilotage de la procédure et des marchés, du suivi administratif de ces marchés, de la gestion des incidents fournisseurs et des prestations.",,2015-04-01,2.589041095890411,Conception / Réalisation,9.2,entre 9 et 20 M€,Achats,Soutien de la politique de la défense (P212),http://www.performance-publique.budget.gouv.fr/sites/performance_publique/files/farandole/ressources/2017/pap/pdf/DBGPGMPGM212.pdf#page=56,2016-11-03,,,,,,,,,,,
MINDEF,Ministère de la Défense,SOURCE SOLDE,Non,"Source Solde est un projet complexe majeur qui a vocation à remplacer, dans un délai très contraint et dans un environnement soumis à une forte pression politique et sociale, le système actuel de solde Louvois, suite à la décision du Ministre de la défense du 3 décembre 2013. 
L’objectif est d’assurer la détermination, le calcul et le suivi d’une solde juste pour le personnel militaire relevant du ministère de la défense et de leurs ayants droit et ayants cause (environ 250 000 personnes).",,2014-04-01,5.671232876712328,Conception / Réalisation,122.2,> 100 M€,Ressources Humaines,Soutien de la politique de la défense (P212),http://www.performance-publique.budget.gouv.fr/sites/performance_publique/files/farandole/ressources/2017/pap/pdf/DBGPGMPGM212.pdf#page=53,2016-11-03,,,,,,,,,,,
MINDEF,Ministère de la Défense,ARCHIPEL-NG,Non,"Le projet Archipel NG s’inscrit dans la mise en œuvre d’une politique d’archives devant permettre une gestion organisée et efficace de l’archivage des informations par les entités du ministère de la défense.  

Il s’agit donc de développer l’archivage électronique en définissant et mettant en œuvre un dispositif outillé  de manière robuste et en mettant en place une solution de conservation pérenne des archives dématérialisées. La solution gérera également les archives papier. Le projet s’appuiera sur la brique interministérielle VITAM (back office).  Les besoins spécifiques de protection du secret de la défense nationale seront pris en compte.",,2015-04-01,En cadrage,Cadrage,En cadrage,En cadrage,Archives définitives,Soutien de la politique de la défense (P212),http://www.performance-publique.budget.gouv.fr/sites/performance_publique/files/farandole/ressources/2017/pap/pdf/DBGPGMPGM212.pdf#page=56,2016-11-03,,,,,,,,,,,
MEF,Ministère de l'Économie et des Finances,CIEL – Lots 1 & 2,Non,"Le projet CIEL (Contributions Indirectes En Ligne) a pour objectif de simplifier les démarches des redevables des contributions indirectes sur les alcools et tabacs. La dématérialisation des documents permettra d’offrir dans un portail l’accès à la télédéclaration et au télépaiement, en commençant par les alcools.",http://www.douane.gouv.fr/articles/a12057-la-teledeclaration-des-contributions-indirectes-le-projet-ciel,2013-09-01,3.336986301369863,Déploiement,3.9,< 5 M€,"Fiscalité indirecte, Dédouanement et gestion des imports & exports",Facilitation et sécurisation des échanges (P302),,2016-11-03,,,,,,,,,,,
MEF,Ministère de l'Économie et des Finances,CPP 2017,Oui,"Le projet Chorus Portail Professionnel 2017 (CPP2017) vise à mettre en œuvre la facturation électronique pour les émetteurs de factures à destination de l’État, des collectivités territoriales et de leurs établissements publics, conformément à l’ordonnance n°2014-697 du 26 juin 2014. CPP2017 offrira un portail unique pour le dépôt, la réception et la transmission des factures électroniques. L’expérience du déploiement de la facturation électronique au sein de l’État avec Chorus Factures servira de socle pour un élargissement à plus d’un million de fournisseurs de la sphère publique.",https://chorus-pro.gouv.fr/,2013-10-01,3.25479452054795,Expérimentation,25,entre 20 et 100 M€,Relation Fournisseurs,Conduite et pilotage des politiques économiques et financières (P218),http://www.performance-publique.budget.gouv.fr/sites/performance_publique/files/farandole/ressources/2017/pap/pdf/DBGPGMPGM218.pdf#page=23,2016-11-03,,,,,,,,,,,
MEF,Ministère de l'Économie et des Finances,ENSAP,Oui,"Le projet ENSAP (Espace Numérique Sécurisé des Agents Publics) vise à mettre en place un portail interactif facilitant les échanges par voie dématérialisée entre administration et agents de l’État (actifs et retraités). Le portail offrira à 3 millions d’utilisateurs un bouquet de services personnalisés, notamment les démarches en ligne liées à la retraite et les bulletins de paye ou de pension dématérialisés.",,2013-10-01,5.33972602739726,Conception / Réalisation,9.3,entre 9 et 20 M€,Relation avec les Agents,Gestion fiscale et financière de l'État et du secteur public local (P156),http://www.performance-publique.budget.gouv.fr/sites/performance_publique/files/farandole/ressources/2017/pap/pdf/DBGPGMPGM156.pdf#page=35,2016-11-03,,,,,,,,,,,
MEF,Ministère de l'Économie et des Finances,GUN,Oui,Le projet GUN (Guichet Unique National du dédouanement) vise à mettre en place une plateforme de liaison entre le système d’information douanier et les bases de quinze administrations partenaires qui délivrent les autorisations d’importation et d’exportation appelées Documents d’Ordre Public (DOP). L’objectif est de dématérialiser les DOP et d’automatiser leur contrôle.,,2010-04-01,9.005479452054795,Conception / Réalisation,4.2,< 5 M€,"Fiscalité indirecte, Dédouanement et gestion des imports & exports",Facilitation et sécurisation des échanges (P302),http://www.performance-publique.budget.gouv.fr/sites/performance_publique/files/farandole/ressources/2017/pap/pdf/DBGPGMPGM302.pdf#page=32,2016-11-03,,,,,,,,,,,
MEF,Ministère de l'Économie et des Finances,HOMERE,Non,"Le projet HOMERE (Harmonisation des Outils et ModErnisation du Recensement) met en œuvre la collecte par internet pour permettre aux citoyens de répondre aux enquêtes de recensement par voie électronique. Il met aussi en place un outil de gestion unique, simple et convivial partagé entre l’Insee et les communes, et gère la montée en charge progressive du recensement par internet en substitution de la collecte papier.",,2009-09-15,7.7534246575342465,Déploiement,3.3,< 5 M€,"Production de statistiques d'entreprises, démographiques et sociales",Statistiques et études économiques (P220),http://www.performance-publique.budget.gouv.fr/sites/performance_publique/files/farandole/ressources/2017/pap/pdf/DBGPGMPGM220.pdf#page=21,2016-11-03,,,,,,,,,,,
MEF,Ministère de l'Économie et des Finances,Offre IGC ministérielle,Non,Le projet IGC (Infrastructure de Gestion de Clés) construit une offre de service pour délivrer des certificats électroniques qui garantissent la sécurité des données et échanges numériques. La solution  couvre l’ensemble du ministère de l’économie et des finances. Les certificats sont conformes aux normes une étoile (1*) et deux étoiles (2*) du référentiel général de sécurité (RGS).,,2014-12-01,3.0027397260273974,Déploiement,4.2,< 5 M€,Gestion des Systèmes d'Information et de Communication,Conduite et pilotage des politiques économiques et financières (P218),http://www.performance-publique.budget.gouv.fr/sites/performance_publique/files/farandole/ressources/2017/pap/pdf/DBGPGMPGM218.pdf#page=26,2016-11-03,,,,,,,,,,,
MEF,Ministère de l'Économie et des Finances,Paysage : Modernisation iso fonctionnelle de PAY,Oui,"Le projet PAYSAGE a pour objectif de réécrire l’application actuelle de paye PAY afin d’assurer sa pérennité. La nouvelle application fournira les mêmes fonctionnalités et utilisera des technologies plus récentes et évolutives. Le projet est nécessaire pour assurer la paie de 2,5 millions de fonctionnaires, du fait de l’obsolescence technique de l’application PAY et de l’arrêt du projet de paye de l’opérateur national de paye (ONP).",,2014-10-01,6.254794520547946,Conception / Réalisation,41.7,entre 20 et 100 M€,Ressources Humaines,Gestion fiscale et financière de l'État et du secteur public local (P156),http://www.performance-publique.budget.gouv.fr/sites/performance_publique/files/farandole/ressources/2017/pap/pdf/DBGPGMPGM156.pdf#page=34,2016-11-03,,,,,,,,,,,
MEF,Ministère de l'Économie et des Finances,Regroupement des centres informatiques,Non,"Ce projet vise la rénovation et le regroupement des centres d’exploitation informatiques du ministère de l’économie et des finances, dans un objectif de rationalisation et de modernisation. Le projet est actuellement dans une première phase consistant à concentrer les 40 salles existantes en 2015 vers une cible d’une dizaine de sites.",,2015-01-01,10.923287671232877,Déploiement,11.9,entre 9 et 20 M€,Gestion des Systèmes d'Information et de Communication,Conduite et pilotage des politiques économiques et financières (P218),http://www.performance-publique.budget.gouv.fr/sites/performance_publique/files/farandole/ressources/2017/pap/pdf/DBGPGMPGM218.pdf#page=27,2016-11-03,,,,,,,,,,,
MEF,Ministère de l'Économie et des Finances,RenoiRH,Oui,"Le projet RenoiRH (Offre SIRH) a pour but d’offrir une solution SIRH commune aux ministères qui en expriment le besoin. À ce jour sont concernés les ministères de la culture, les ministères sociaux, les services du Premier ministre, soit 60.000 agents. Le ministère de l’environnement prépare son entrée dans le dispositif. L’application se fonde sur le progiciel HR Access, comme l’application Sirhius.",http://www.economie.gouv.fr/cisirh/renoirh,2014-04-01,4.67123287671233,Déploiement,38.2,entre 20 et 100 M€,Ressources Humaines,Conduite et pilotage des politiques économiques et financières (P218),http://www.performance-publique.budget.gouv.fr/sites/performance_publique/files/farandole/ressources/2017/pap/pdf/DBGPGMPGM218.pdf#page=24,2016-11-03,,,,,,,,,,,
MEF,Ministère de l'Économie et des Finances,SIRANO,Non,"Le projet SIRANO concerne la refonte du système d’information de TRACFIN, la cellule de lutte contre le blanchiment de capitaux et le financement du terrorisme. L’objectif est d'exploiter de manière plus efficiente et juridiquement sécurisée les volumes de données en forte croissance, grâce à une technologie innovante de stockage et d'exploitation de l'information, ainsi qu'une dématérialisation totale.",,2014-09-01,3.334246575342466,Conception / Réalisation,10.1,entre 9 et 20 M€,Lutte contre la fraude,Conduite et pilotage des politiques économiques et financières (P218),http://www.performance-publique.budget.gouv.fr/sites/performance_publique/files/farandole/ressources/2017/pap/pdf/DBGPGMPGM218.pdf#page=25,2016-11-03,,,,,,,,,,,
MEF,Ministère de l'Économie et des Finances,SIRHIUS V1,Oui,"Le projet SIRHIUS vise la création d’un système d’information des ressources humaines (SIRH) unique pour l’ensemble des directions du ministère de l’économie et des finances (MEF) et le ministère des affaires étrangères et du développement international (MAEDI). Le déploiement a déjà concerné à ce jour 60.000 agents, auxquels s’ajouteront, en 2018, plus de 100.000 agents de la DGFiP. Cette application unique s’appuie sur un progiciel (HRAccess) et contribue à la modernisation de la fonction RH ministérielle.",,2007-01-01,12.5041095890411,Déploiement,161.7,> 100 M€,Ressources Humaines,Gestion fiscale et financière de l'État et du secteur public local (P156) / Action de la France en Europe et dans le monde (P105),"http://www.performance-publique.budget.gouv.fr/sites/performance_publique/files/farandole/ressources/2017/pap/pdf/DBGPGMPGM156.pdf#page=32
'http://www.performance-publique.budget.gouv.fr/sites/performance_publique/files/farandole/ressources/2017/pap/pdf/DBGPGMPGM105.pdf#page=30",2016-11-03,,,,,,,,,,,
MEF,Ministère de l'Économie et des Finances,NSTI / DELT@ T,Non,"Le projet NSTI a pour objet la refonte de l’application permettant la gestion et le suivi du régime douanier du transit (NSTI). Le transit est un régime douanier permettant la circulation de marchandises en suspension de droits et taxes et de mesures commerciales / fiscales / douanières sur le territoire douanier de la communauté européenne. L’application NSTI traite plus de 5 millions de déclarations par an. La nouvelle application permettra d'assurer une meilleure traçabilité du transport de marchandises, une sécurité accrue et mettra le SI douanier en conformité avec le futur code des douanes de l'Union européenne de 2020.",,2014-09-01,4.002739726027397,Conception / Réalisation,5.6,entre 5 et 9 M€,"Fiscalité indirecte, Dédouanement et gestion des imports & exports",Facilitation et sécurisation des échanges (P302),,2016-11-03,,,,,,,,,,,
MEF,Ministère de l'Économie et des Finances,PIB/MISTRAL,Non,"Le projet MISTRAL (Management Interactif de la Situation au TRésor des correspondants,  Application en Ligne) a pour but de refondre les applicatifs de service bancaire du Trésor Public. 130.000 correspondants du Trésor (État et organismes locaux) sont tenus de déposer leurs fonds au Trésor. Le nouveau portail internet proposera des services de banque en ligne modernes, performants et compatibles avec les moyens de paiement dématérialisés (paiement en ligne par carte bancaire, PAYFIP).",,2014-06-01,6.506849315068493,Conception / Réalisation,26.2,entre 20 et 100 M€,Gestion publique,Gestion fiscale et financière de l'État et du secteur public local (P156),http://www.performance-publique.budget.gouv.fr/sites/performance_publique/files/farandole/ressources/2017/pap/pdf/DBGPGMPGM156.pdf#page=36,2016-11-03,,,,,,,,,,,
MENESR,"Ministère de l'Éducation nationale, de l'Enseignement supérieur et de la Recherche",CLASSE CONNECTEE - P2 (environnement numérique national),Non,Mise en œuvre du plan numérique pour l’école avec un accès aux ressources pédagogiques via des équipements individuels mobiles,,2015-09-01,3.334246575342466,Conception / Réalisation,7.8,entre 5 et 9 M€,Technologies de l'information et de la communication pour l'enseignement,Soutien de la politique de l'éducation nationale (P214),,2016-11-03,,,,,,,,,,,
MENESR,"Ministère de l'Éducation nationale, de l'Enseignement supérieur et de la Recherche",CYCLADES,Oui,"La gestion des examens (dont ceux de l’enseignement supérieur tels que le brevet de technicien supérieur (BTS), le diplôme de comptabilité et de gestion (DSCG),…) et des concours de recrutement des personnels du MENESR est assurée au moyen du logiciel OCEAN. 
Ce logiciel étant opérationnel depuis 15 ans et s’appuyant sur des technologies devenues obsolètes, le ministère a décidé en 2006 sa refonte technologique et fonctionnelle et lancé le nouveau projet CYCLADES.
Depuis septembre 2011, des concours d’autres ministères sont gérés par le ministère avec le logiciel OCEAN. Ils seront pris en compte dans CYCLADES.
Le lotissement du projet CYCLADES est construit en adéquation avec le déroulement d’une session d’examens et de concours. Le projet est organisé en différents paliers, chacun ayant un périmètre fonctionnel (examens/concours). Ces paliers sont répartis sur les années 2013 à 2019.
Pour la session 2016,  Cyclades a permis de gérer plus de 500.000 candidats. La volumétrie pour 2017 sera de 1 Million et 1,8 Millions en 2018. 
CYCLADES couvrira l'intégralité des examens et concours à la session 2020 soit plus de 3 millions de candidats. Ce projet permettra au MENESR de répondre durablement aux enjeux de gestion des examens et des concours, de l’inscription des candidats jusqu’à la publication de leurs résultats, conduisant à une mobilisation annuelle de 4 700 centres d'examens et 200 000 correcteurs pour gérer 21 millions de copies et 30 millions de notes par session. À l'horizon 2020, la gestion de l'archivage sera de l'ordre de 60 millions de documents (pour information : 2,5 millions en 2015).
Le budget et la trajectoire du projet ont fait l’objet d’une actualisation pour tenir compte des changements de périmètre fonctionnel (intégration des diplômes numériques…) et pour intégrer dans le budget le coût de la maintenance d’Océan.
Le projet OCEAN-CYCLADES offrira des gains métiers résultant de l’adaptation aux évolutions réglementaires, une prise en charge des concours non couverts à l’heure actuelle, l’implémentation de nouvelles fonctionnalités à forte valeur ajoutée (entrepôt de données, attestation de diplôme, certification numérique des diplômes, dématérialisation de la correction des copies,…).
En outre, ce projet conduira à une interopérabilité avec les référentiels et les autres applications du MENESR.",,2010-12-01,9.758904109589041,Expérimentation,40.1,entre 20 et 100 M€,Examens et Concours,Soutien de la politique de l'éducation nationale (P214),http://www.performance-publique.budget.gouv.fr/sites/performance_publique/files/farandole/ressources/2017/pap/pdf/DBGPGMPGM214.pdf#page=40,2016-11-03,,,,,,,,,,,
MENESR,"Ministère de l'Éducation nationale, de l'Enseignement supérieur et de la Recherche",SIRHEN,Non,"  'Gestion des ressources humaines et des moyens du ministère'
Le programme SIRHEN rénove et fait progresser les systèmes d’information de gestion des moyens et des personnels du ministère. Ce programme permet d'offrir au ministère un système d’information fiable et évolutif pour moderniser la gestion des ressources humaines et assurer la gestion administrative et financière des agents du Ministère. Ce système d’information est développé spécifiquement pour le ministère de l’éducation nationale, de l’enseignement supérieur et de la recherche. A terme, il permettra de gérer le dossier administratif et financier des 1 100 000 agents du ministère ainsi que les moyens, c’est-à-dire la préparation de la rentrée scolaire.
La mise en œuvre d’un dossier unique agent apporte une fluidification et un enrichissement qualitatif des processus de gestion des ressources humaines.
SIRHEN renforce l’intégration des processus de gestion des ressources humaines, de gestion des moyens (préparation de la rentrée) et de pilotage budgétaire, en consolidant les différentes évolutions conceptuelles et pratiques des systèmes existants.",http://www.sirhen.education.fr/,2007-01-01,14.008219178082191,Déploiement,496.4,> 100 M€,Ressources Humaines,Soutien de la politique de l'éducation nationale (P214),http://www.performance-publique.budget.gouv.fr/sites/performance_publique/files/farandole/ressources/2017/pap/pdf/DBGPGMPGM214.pdf#page=45,2016-11-03,,,,,,,,,,,
MENESR,"Ministère de l'Éducation nationale, de l'Enseignement supérieur et de la Recherche",OP@LE,Non,Refonte technologique complète de l’application GFC-RCBC : adaptation à la LOLF du cadre comptable des EPLE (lycées et collèges publics) et conception d’un SI de gestion financière et comptable dans une nouvelle architecture,,2014-09-01,En cadrage,Cadrage,En cadrage,En cadrage,Finances,Soutien de la politique de l'éducation nationale (P214),http://www.performance-publique.budget.gouv.fr/sites/performance_publique/files/farandole/ressources/2017/pap/pdf/DBGPGMPGM214.pdf#page=41,2016-11-03,,,,,,,,,,,
MENESR,"Ministère de l'Éducation nationale, de l'Enseignement supérieur et de la Recherche",LSU du CP à la 3EME,Oui,"Le projet de livret scolaire unique  (LSU), dans son état actuel, vise à offrir à tous les types d’établissements de la scolarité obligatoire (de 6 à 16 ans)  un outil numérique performant capable à la fois d’appréhender toutes les formes d’évaluation (classe sans note, avec tous autres types de positionnement) , d’assurer un suivi et la restitution des acquis scolaires sans rupture, du premier au second degré et quel que soit le parcours des élèves (changements d’établissements ou d’académies). 
L'application propose des modèles normés de bilans périodiques, de bilans de cycles et des attestions officielles délivrées par le MENESR. 
Pour cela  le LSU propose une application simple et lisible par tous, qui permet la restitution synthétique de l’évaluation des compétences du socle commun de connaissances et de culture simultanément à l’évaluation codée. 
Le LSU améliore les pratiques professionnelles et optimise le temps des équipes pédagogiques tout en dédiant une seule application nationale au suivi des progrès des acquis des élèves, pour les deux degrés d’enseignement et sur l’ensemble de la scolarité obligatoire. 

Le LSU prend en compte les écosytèmes applicatifs existants et se veut interopérable avec toutes les suites applicatives privées de suivi des acquis des élèves. En effet les éléments constitutifs du livret scolaire peuvent être établis avec différents outils privés ou ministériels. Néanmoins en cas de changement d'établissement le livret est obligatoirement transmis au nouvel établissement par le biais de l'application nationale de suivi de la scolarité. 
Cette application est aussi la seule source de transmission des éléments du livret pris en compte pour l'attribution du DNB et pour les choix d'affectation des élèves.",http://eduscol.education.fr/cid104511/le-livret-scolaire.html,2014-06-01,3.5863013698630137,Déploiement,2,< 5 M€,Scolarité de l'élève,Soutien de la politique de l'éducation nationale (P214),http://www.performance-publique.budget.gouv.fr/sites/performance_publique/files/farandole/ressources/2017/pap/pdf/DBGPGMPGM214.pdf#page=42,2016-11-03,,,,,,,,,,,
MENESR,"Ministère de l'Éducation nationale, de l'Enseignement supérieur et de la Recherche",SI Paie des EPLE (OPERA),Non,Refonte de l’application de paie des EPLE « GOSPEL » avec un objectif de retour au standard et d’extension à l’ensemble des EPLE ,,2015-02-02,En cadrage,Cadrage,En cadrage,En cadrage,Ressources Humaines,Soutien de la politique de l'éducation nationale (P214),http://www.performance-publique.budget.gouv.fr/sites/performance_publique/files/farandole/ressources/2017/pap/pdf/DBGPGMPGM214.pdf#page=44,2016-11-03,,,,,,,,,,,
MEEM,"Ministère de l'Environnement, de l'Énergie et de la Mer",Montée de version du SIRH,Non,"Le projet vise à réaliser la migration du SIRH socle du MEEM, fonctionnant actuellement sous la version 5 du progiciel HR Access, vers la version suite 9 de l’outil interministériel Renoirh. Ce projet intègre des objectifs de fiabilisation, rationalisation, retour au règlementaire et maîtrise des coûts du SIRH ministériel.  ",,2016-09-01,En cadrage,Cadrage,En cadrage,En cadrage,Ressources Humaines,"Conduite et pilotage des politiques de l'écologie, du développement et de la mobilité durables (P217)",http://www.performance-publique.budget.gouv.fr/sites/performance_publique/files/farandole/ressources/2017/pap/pdf/DBGPGMPGM217.pdf#page=31,2016-11-03,,,,,,,,,,,
MEEM,"Ministère de l'Environnement, de l'Énergie et de la Mer",REVTC V2,Non,"Gestion du registre des Véhicules de Transport avec Chauffeur : gérer les inscriptions des exploitants au registre des VTC, les modifications des renseignements liés à l’activité, la mise à jour et le renouvellement des autorisations, les mises en demeure et radiations éventuelles",https://registre-vtc.developpement-durable.gouv.fr/,2016-04-01,1.2493150684931507,Conception / Réalisation,1,< 5 M€,"Infrastructure, Transports et Mer",Infrastructures et services de transports (P203),http://www.performance-publique.budget.gouv.fr/sites/performance_publique/files/farandole/ressources/2017/pap/pdf/DBGPGMPGM203.pdf#page=31,2016-11-03,,,,,,,,,,,
MI,Ministère de l'Intérieur,B015,Oui,Aménagement d'un datacenter sécurisé,,2015-01-01,3.6684931506849314,Conception / Réalisation,33.8,entre 20 et 100 M€,Gestion des Systèmes d'Information et de Communication,Conduite et pilotage des politiques de l'intérieur (P216),http://www.performance-publique.budget.gouv.fr/sites/performance_publique/files/farandole/ressources/2017/pap/pdf/DBGPGMPGM216.pdf#page=24,2016-11-03,,,,,,,,,,,
MI,Ministère de l'Intérieur,SIRH DIALOGUE 2,Non,"S'inscrivant dans le cadre interministériel de la modernisation des outils et de l'organisation des ressources humaines, le projet Dialogue 2 visait initialement à moderniser le système d'information RH (SIRH) ministériel, sur la base d'une mise en conformité avec le modèle interministériel porté par l'ex-opérateur national de paye (ONP).
Ce programme interministériel a été complétement réorienté suite à la décision prise par le Premier ministre, le 4 mars 2014, d'abandonner le développement du calculateur de paye de l'ONP au profit d'une convergence des SIRH ministériels avec l'application PAY de la DGFiP. Le Premier ministre a toutefois réaffirmé son souhait de moderniser la fonction de gestion des ressources humaines de l’État (GRH) en invitant les ministères à se doter, dans les meilleurs délais, de SIRH intégrant la gestion administrative des personnels et leur rémunération et à réorganiser la chaine de traitement gestion-paye (feuilles de route ministérielles validées lors de la RIM du 27 juin 2014).
Le projet Dialogue 2 se poursuit donc dans une démarche interministérielle de mutualisation, pilotée par le CISIRH, qui vise à développer une nouvelle version socle du progiciel HR Access (Suite 9 FPE).
 Le projet Dialogue 2 englobe :
- la construction d’un SIRH, outil de gestion administrative - gestion RH - Paye du ministère, point d’entrée unique des applications RH. Son accès sera largement ouvert, y compris aux agents avec un portail dédié, pour être un levier d’appropriation du SIRH par les gestionnaires et de fiabilisation de la base de données.
- la fiabilisation des données & référentiels du SIRH existant préalablement à la reprise des données dans Dialogue 2.
- la mise en conformité du nouveau SIRH avec le noyau RH FPE (référentiels réglementaires interministériels pilotés par le CISIRH).
- la mutualisation des fonctions GA-Paie au sein des pôles d'expertise et de services (PESE) et la rationalisation des processus, le projet SI constituant un levier de transformation pour la fonction RH ministérielle.",,2014-01-01,5.416438356164384,Conception / Réalisation,37.9,entre 20 et 100 M€,Ressources Humaines,"Police nationale (P176) à 80% / Administration territoriale (P307) à 16,8% / Conduite et pilotage des politiques de l'intérieur (P216) à 1,6% / Gendarmerie nationale (P152) à 1,6%",,2016-11-03,,,,,,,,,,,
MI,Ministère de l'Intérieur,FAETON 2,Non,Gestion et délivrance du nouveau permis de conduire,https://ants.gouv.fr/Les-solutions/Titres-regaliens/FAETON,,En cadrage,Cadrage,En cadrage,En cadrage,Sécurité Circulation routière,Fichier national du permis de conduire (P752),,2016-11-03,,,,,,,,,,,
MI,Ministère de l'Intérieur,FRANCE VISAS,Oui,Modernisation de la gestion des demandes de visas grâce à une procédure entièrement dématérialisée permettant de faciliter les démarches des usagers et de mieux lutter contre la fraude.,,2014-01-01,5.0027397260274,Conception / Réalisation,32.8,entre 20 et 100 M€,Délivrance de visas d'entrée en France,Immigration et asile (P303) / Action de la France en Europe et dans le monde (P105),http://www.performance-publique.budget.gouv.fr/sites/performance_publique/files/farandole/ressources/2017/pap/pdf/DBGPGMPGM105.pdf#page=31'http://www.performance-publique.budget.gouv.fr/sites/performance_publique/files/farandole/ressources/2017/pap/pdf/DBGPGMPGM303.pdf#page=15,2016-11-03,,,,,,,,,,,
MI,Ministère de l'Intérieur,Généralisation - Equipement numérique mobile du primo-intervenant  NEOGEND/NEOPOL,Non,"Projet visant à équiper les forces de sécurité intérieure de solutions numériques sécurisées de mobilité. L'objectif général est notamment d'améliorer la sécurité en intervention, d'améliorer les conditions de travail des agents et de rapprocher les forces de sécurité du citoyen",,2014-09-01,4.08219178082192,Déploiement,81.6,entre 20 et 100 M€,Gestion des Systèmes d'Information et de Communication,Gendarmerie nationale (P152) / Police nationale (P176),"http://www.performance-publique.budget.gouv.fr/sites/performance_publique/files/farandole/ressources/2017/pap/pdf/DBGPGMPGM152.pdf#page=37
http://www.performance-publique.budget.gouv.fr/sites/performance_publique/files/farandole/ressources/2017/pap/pdf/DBGPGMPGM176.pdf#page=35",2016-11-03,,,,,,,,,,,
MI,Ministère de l'Intérieur,PROJET SOLDE GENDARMERIE,Non,"La gendarmerie doit disposer, pour le 1er janvier 2019, d'un outil assurant :
• la production de la solde et de ses accessoires, pour les 137 000 militaires d'active et de réserve de la gendarmerie, ainsi que leurs ayants droit ;
• le versement aux tiers des sommes associées ;
• les opérations de comptabilité et de restitution budgétaires.

Ses objectifs sont :
• de sécuriser la solde (solder juste et à temps avec le Système d’Information AGORH@) ;
• de renforcer la maîtrise de la programmation et du pilotage des effectifs et de la masse salariale.",,2014-10-01,4.25205479452055,Conception / Réalisation,10.4,entre 9 et 20 M€,Ressources Humaines,Gendarmerie nationale (P152),http://www.performance-publique.budget.gouv.fr/sites/performance_publique/files/farandole/ressources/2017/pap/pdf/DBGPGMPGM152.pdf#page=36,2016-11-03,,,,,,,,,,,
MI,Ministère de l'Intérieur,SAIP,Oui,"Mise en œuvre d'un Système d'Alerte et d'Information des Populations (risque naturel, technologique,...).
Le système s'appuiera sur l’ensemble des vecteurs de transmission d'information : sirènes, téléphonie mobile, radio, panneaux à message variable,...",http://www.interieur.gouv.fr/Actualites/L-actu-du-Ministere/Lancement-de-l-application-mobile-SAIP,2008-01-01,17.01095890410959,Conception / Réalisation,81.6,entre 20 et 100 M€,Alerte & Gestion de crises,Sécurité civile (P161),http://www.performance-publique.budget.gouv.fr/sites/performance_publique/files/farandole/ressources/2017/pap/pdf/DBGPGMPGM161.pdf#page=28,2016-11-03,,,,,,,,,,,
MI,Ministère de l'Intérieur,Modernisation de l'INPT (projets FH et IP),Non,Projet reposant sur une évolution de l'Infrastructure Nationale Partageable des Transmissions (INPT)  en vue d'améliorer les capacités et la résilience du réseau actuel et de prolonger sa durée de vie à l'horizon 2030,,2014-06-01,7.589041095890411,Déploiement,352,> 100 M€,Gestion des Systèmes d'Information et de Communication,Sécurité civile (P161),http://www.performance-publique.budget.gouv.fr/sites/performance_publique/files/farandole/ressources/2017/pap/pdf/DBGPGMPGM161.pdf#page=27,2016-11-03,,,,,,,,,,,
MI,Ministère de l'Intérieur,PPNG Plan Préfectures Nouvelle Génération,Non,"Le réseau des préfectures est actuellement engagé dans une évolution majeure d'une ampleur inédite : le plan ""préféctures nouvelle génération"" (PPNG). Cette reforme comporte : 1) la modernisation des processus de délivrance des titres ; 2) le renfort des missions prioritaires des prefectures ; 3) une politique d'accompagnement des ressources humaines qui sous-tend toute la démarche.
Dans le cadre de sa mise en œuvre, les services de délivrance de titres suivent un triple objectif : garantir la fiabilité des titres délivrés, traiter les dossier dans les meilleurs délais, assurer un service de qualité aux usagers.
Les processus de modernisation et d'optimisation des conditions de délivrance des titres engagés depuis quelques années ont significativement fait évoluer cette mission. L'amélioration de la qualité de délivrance des titres constitue un chantier prioritaire du ministère, impliquant les directions d'administration centrale, l'Agence nationale des titres sécurisés (ANTS), les préfectures et les maires. Les démarches d'amélioration des processus ont porté sur la délivrance des CNI et passeports (application TES), permis de conduire (application SNPC) et certificat d'immatriculation (application SIV).",http://www.interieur.gouv.fr/Actualites/L-actu-du-Ministere/Le-plan-prefectures-nouvelle-generation,2016-03-01,1.83561643835616,Déploiement,17.1,entre 9 et 20 M€,Administration générale et territoriale de l’État,Administration territoriale (P307) et ANTS,http://www.performance-publique.budget.gouv.fr/sites/performance_publique/files/farandole/ressources/2017/pap/pdf/DBGPGMPGM307.pdf,2016-11-03,,,,,,,,,,,
MJ,Ministère de la Justice,ASTREA,Non,"Refonte du système d'information du casier judiciaire national (enregistrement des condamnations pénales et de certaines décisions judiciaires, gestion de ces données conformément aux règles légales, délivrance des bulletins du casier judiciaire).",,2012-01-01,7.95890410958904,Conception / Réalisation,20,entre 20 et 100 M€,Gestion des personnes mises sous main de justice,Conduite et pilotage de la politique de la justice (P310),http://www.performance-publique.budget.gouv.fr/sites/performance_publique/files/farandole/ressources/2017/pap/pdf/DBGPGMPGM310.pdf#page=27,2016-11-03,,,,,,,,,,,
MJ,Ministère de la Justice,CASSIOPEE,Non,"L’application CASSIOPÉE, en tant que support du bureau d’ordre national instituée par le décret en Conseil d’État n° 2009-528 du 11 mai 2009,
Application d'architecture centralisée elle couvre désormais l’ensemble des services de la chaîne pénale des tribunaux de grande instance.
CASSIOPEE a été conçue pour être interopérable avec d'autres applications, non seulement internes au ministère de la justice comme le casier judiciaire et APPI, mais également externes, comme avec les services enquêteurs",,2014-01-01,7.002739726027397,Conception / Réalisation,9.9,entre 9 et 20 M€,Justice Pénale,Conduite et pilotage de la politique de la justice (P310),http://www.performance-publique.budget.gouv.fr/sites/performance_publique/files/farandole/ressources/2017/pap/pdf/DBGPGMPGM310.pdf#page=25,2016-11-03,,,,,,,,,,,
MJ,Ministère de la Justice,COMEDEC,Oui,"Dématérialisation de la communication des données d'Etat Civil
Prévu dans le cadre du décret n°2011-167 du 10 février 2011, le dispositif COMEDEC de dématérialisation sécurisée des actes d’état civil répond à deux principaux enjeux : simplifier les démarches administratives des usagers en assurant une transmission directe des actes d’état civil entre les communes et les administrations et lutter contre la fraude documentaire (falsification des actes d’état civil présentés à l’appui des démarches administratives).

Grace à ce dispositif 46,6 % des demandeurs de passeport n’ont d’ores et déjà plus avoir à fournir leur acte d'état civil à l’appui de leur démarche.",http://www.justice.gouv.fr/comedec-12589/,2008-01-01,13.0082191780822,Déploiement,19,entre 9 et 20 M€,Relation avec les Autorités Administratives,Administration territoriale (P307),http://www.performance-publique.budget.gouv.fr/sites/performance_publique/files/farandole/ressources/2017/pap/pdf/DBGPGMPGM307.pdf#page=24,2016-11-03,,,,,,,,,,,
MJ,Ministère de la Justice,GENESIS,Non,"Gestion nationale des personnes écrouées : refonte de l'application GIDE (gestion des services qui règlent la vie d’une personne en milieu fermé : le greffe, la détention, les comptes nominatifs, la gestion des services pénitentiaires d’insertion et de probation (SPIP) et celle des activités, du travail et de la formation)",,2007-01-01,10.0054794520548,Déploiement,47.5,entre 20 et 100 M€,Gestion des personnes mises sous main de justice,Conduite et pilotage de la politique de la justice (P310),http://www.performance-publique.budget.gouv.fr/sites/performance_publique/files/farandole/ressources/2017/pap/pdf/DBGPGMPGM310.pdf#page=26,2016-11-03,,,,,,,,,,,
MJ,Ministère de la Justice,PNIJ,Oui,Création d'une plateforme nationale des interceptions judiciaires : Le système fonctionne comme un guichet unique transmettant par voie électronique les réquisitions judiciaires reçues des enquêteurs et les réponses fournies par les opérateurs. Il comprend également des outils d’aide à l’investigation.,,2005-03-01,12.8438356164384,Déploiement,121.2,> 100 M€,Justice Pénale,Conduite et pilotage de la politique de la justice (P310),http://www.performance-publique.budget.gouv.fr/sites/performance_publique/files/farandole/ressources/2017/pap/pdf/DBGPGMPGM310.pdf#page=23,2016-11-03,,,,,,,,,,,
MJ,Ministère de la Justice,PORTALIS,Non,"Programme global de modernisation et de simplification de la justice, PORTALIS est décomposé en 6 étapes.
Il apporte une transformation progressive jusqu’à la dématérialisation de bout-en-bout de la chaîne civile et permet aux justiciables de disposer d’un accès très large aux informations qui le concernent en matières civile et pénale :
- 1ère étape : , le portail informatif du justiciable - mai 2016
- 2ème étape : le portail applicatif du justiciable et le portail du Service d'Accueil Unique du Justiciable (SAUJ) - septembre 2017
- 3ème étape : le portail des auxiliaires de justice - novembre 2018
- 4ème étape : le Bureau Virtuel Métier - 2019
- 5ème étape : mise en place du nouvel applicatif de la chaîne civile - 2021
- 6ème étape : dématérialisation de bout-en-bout de la justice civile – 2022",http://www.justice.fr/,2014-03-01,11.8438356164384,Conception / Réalisation,52.4,entre 20 et 100 M€,"Justice Civile, Sociale et Commerciale",Conduite et pilotage de la politique de la justice (P310),http://www.performance-publique.budget.gouv.fr/sites/performance_publique/files/farandole/ressources/2017/pap/pdf/DBGPGMPGM310.pdf#page=29,2016-11-03,,,,,,,,,,,
MJ,Ministère de la Justice,Enrichissement du SI Harmonie et fusion des métiers RH,Non,"Avec le déploiement d'Harmonie, achevé depuis 2012, le ministère de la justice est doté d’un système d’information (SI) en matière de gestion des ressources humaines pour l’ensemble de ses agents, et en capacité de s'interfacer avec le système de gestion des retraites.
(les coûts initiaux du SIRH Harmonie ne figurent pas dans les couts complets de cette MAREVA ce qui explique en partie les écarts avec les coûts du PAP).
Les objectifs sont désormais d'enrichir les fonctionnalités communes : gestion de la formation continue, de gestion des congés, et de gestion des temps, de mieux prendre en compte la phase de recrutement et de formation initiale en école, d'interfacer le système avec l'annuaire « Pages Blanches » qui délivre les identités numériques et les habilitations permettant les accès au système d'information, d'étudier la prise en compte des collaborateurs occasionnels du service public lorsqu'ils ont vocation à être rémunérés en titre 2, et surtout d'intégrer des fonctionnalités de pré-liquidation de la paie afin de permettre la convergence des métiers de la gestion administrative et de la gestion financière, qui est génératrice d'économies de fonctionnement (déploiement du pilote à l’administration centrale depuis août 2016), et de permettre l'interconnexion au futur SI-Paie de l'État.",,2014-04-01,5.16986301369863,Déploiement,34.2,entre 20 et 100 M€,Ressources Humaines,Conduite et pilotage de la politique de la justice (P310),http://www.performance-publique.budget.gouv.fr/sites/performance_publique/files/farandole/ressources/2017/pap/pdf/DBGPGMPGM310.pdf#page=28,2016-11-03,,,,,,,,,,,
,,,,,,,,,,,,,,,,,,,,,,,,,
,,,,,,,,,,,,,,,,,,,,,,,,,
,,,,,,,,,,,,,,,,,,,,,,,,,
,,,,,,,,,,,,,,,,,,,,,,,,,
,,,,,,,,,,,,,,,,,,,,,,,,,
,,,,,,,,,,,,,,,,,,,,,,,,,
,,,,,,,,,,,,,,,,,,,,,,,,,
,,,,,,,,,,,,,,,,,,,,,,,,,
,,,,,,,,,,,,,,,,,,,,,,,,,
,,,,,,,,,,,,,,,,,,,,,,,,,
,,,,,,,,,,,,,,,,,,,,,,,,,
,,,,,,,,,,,,,,,,,,,,,,,,,
,,,,,,,,,,,,,,,,,,,,,,,,,
,,,,,,,,,,,,,,,,,,,,,,,,,
,,,,,,,,,,,,,,,,,,,,,,,,,
,,,,,,,,,,,,,,,,,,,,,,,,,
,,,,,,,,,,,,,,,,,,,,,,,,,
,,,,,,,,,,,,,,,,,,,,,,,,,
,,,,,,,,,,,,,,,,,,,,,,,,,
,,,,,,,,,,,,,,,,,,,,,,,,,
,,,,,,,,,,,,,,,,,,,,,,,,,
,,,,,,,,,,,,,,,,,,,,,,,,,
,,,,,,,,,,,,,,,,,,,,,,,,,
,,,,,,,,,,,,,,,,,,,,,,,,,
,,,,,,,,,,,,,,,,,,,,,,,,,
,,,,,,,,,,,,,,,,,,,,,,,,,
,,,,,,,,,,,,,,,,,,,,,,,,,
,,,,,,,,,,,,,,,,,,,,,,,,,
,,,,,,,,,,,,,,,,,,,,,,,,,
,,,,,,,,,,,,,,,,,,,,,,,,,
,,,,,,,,,,,,,,,,,,,,,,,,,
,,,,,,,,,,,,,,,,,,,,,,,,,
,,,,,,,,,,,,,,,,,,,,,,,,,
,,,,,,,,,,,,,,,,,,,,,,,,,
,,,,,,,,,,,,,,,,,,,,,,,,,
,,,,,,,,,,,,,,,,,,,,,,,,,
,,,,,,,,,,,,,,,,,,,,,,,,,
,,,,,,,,,,,,,,,,,,,,,,,,,
,,,,,,,,,,,,,,,,,,,,,,,,,
,,,,,,,,,,,,,,,,,,,,,,,,,
,,,,,,,,,,,,,,,,,,,,,,,,,
,,,,,,,,,,,,,,,,,,,,,,,,,
,,,,,,,,,,,,,,,,,,,,,,,,,
,,,,,,,,,,,,,,,,,,,,,,,,,
,,,,,,,,,,,,,,,,,,,,,,,,,
,,,,,,,,,,,,,,,,,,,,,,,,,
,,,,,,,,,,,,,,,,,,,,,,,,,
,,,,,,,,,,,,,,,,,,,,,,,,,
,,,,,,,,,,,,,,,,,,,,,,,,,
,,,,,,,,,,,,,,,,,,,,,,,,,
,,,,,,,,,,,,,,,,,,,,,,,,,
,,,,,,,,,,,,,,,,,,,,,,,,,
,,,,,,,,,,,,,,,,,,,,,,,,,
,,,,,,,,,,,,,,,,,,,,,,,,,
,,,,,,,,,,,,,,,,,,,,,,,,,
,,,,,,,,,,,,,,,,,,,,,,,,,
,,,,,,,,,,,,,,,,,,,,,,,,,
,,,,,,,,,,,,,,,,,,,,,,,,,
,,,,,,,,,,,,,,,,,,,,,,,,,
,,,,,,,,,,,,,,,,,,,,,,,,,
,,,,,,,,,,,,,,,,,,,,,,,,,
,,,,,,,,,,,,,,,,,,,,,,,,,
,,,,,,,,,,,,,,,,,,,,,,,,,
,,,,,,,,,,,,,,,,,,,,,,,,,
,,,,,,,,,,,,,,,,,,,,,,,,,
,,,,,,,,,,,,,,,,,,,,,,,,,
,,,,,,,,,,,,,,,,,,,,,,,,,
,,,,,,,,,,,,,,,,,,,,,,,,,
,,,,,,,,,,,,,,,,,,,,,,,,,
,,,,,,,,,,,,,,,,,,,,,,,,,
,,,,,,,,,,,,,,,,,,,,,,,,,
,,,,,,,,,,,,,,,,,,,,,,,,,
,,,,,,,,,,,,,,,,,,,,,,,,,
,,,,,,,,,,,,,,,,,,,,,,,,,
,,,,,,,,,,,,,,,,,,,,,,,,,
,,,,,,,,,,,,,,,,,,,,,,,,,
,,,,,,,,,,,,,,,,,,,,,,,,,
,,,,,,,,,,,,,,,,,,,,,,,,,
,,,,,,,,,,,,,,,,,,,,,,,,,
,,,,,,,,,,,,,,,,,,,,,,,,,
,,,,,,,,,,,,,,,,,,,,,,,,,
,,,,,,,,,,,,,,,,,,,,,,,,,
,,,,,,,,,,,,,,,,,,,,,,,,,
,,,,,,,,,,,,,,,,,,,,,,,,,
,,,,,,,,,,,,,,,,,,,,,,,,,
,,,,,,,,,,,,,,,,,,,,,,,,,
,,,,,,,,,,,,,,,,,,,,,,,,,
,,,,,,,,,,,,,,,,,,,,,,,,,
,,,,,,,,,,,,,,,,,,,,,,,,,
,,,,,,,,,,,,,,,,,,,,,,,,,
,,,,,,,,,,,,,,,,,,,,,,,,,
,,,,,,,,,,,,,,,,,,,,,,,,,
,,,,,,,,,,,,,,,,,,,,,,,,,
,,,,,,,,,,,,,,,,,,,,,,,,,
,,,,,,,,,,,,,,,,,,,,,,,,,
,,,,,,,,,,,,,,,,,,,,,,,,,
,,,,,,,,,,,,,,,,,,,,,,,,,
,,,,,,,,,,,,,,,,,,,,,,,,,
,,,,,,,,,,,,,,,,,,,,,,,,,
,,,,,,,,,,,,,,,,,,,,,,,,,
,,,,,,,,,,,,,,,,,,,,,,,,,
,,,,,,,,,,,,,,,,,,,,,,,,,
,,,,,,,,,,,,,,,,,,,,,,,,,
,,,,,,,,,,,,,,,,,,,,,,,,,
,,,,,,,,,,,,,,,,,,,,,,,,,
,,,,,,,,,,,,,,,,,,,,,,,,,
,,,,,,,,,,,,,,,,,,,,,,,,,
,,,,,,,,,,,,,,,,,,,,,,,,,
,,,,,,,,,,,,,,,,,,,,,,,,,
,,,,,,,,,,,,,,,,,,,,,,,,,
,,,,,,,,,,,,,,,,,,,,,,,,,
,,,,,,,,,,,,,,,,,,,,,,,,,
,,,,,,,,,,,,,,,,,,,,,,,,,
,,,,,,,,,,,,,,,,,,,,,,,,,
,,,,,,,,,,,,,,,,,,,,,,,,,
,,,,,,,,,,,,,,,,,,,,,,,,,
,,,,,,,,,,,,,,,,,,,,,,,,,
,,,,,,,,,,,,,,,,,,,,,,,,,
,,,,,,,,,,,,,,,,,,,,,,,,,
,,,,,,,,,,,,,,,,,,,,,,,,,
,,,,,,,,,,,,,,,,,,,,,,,,,
,,,,,,,,,,,,,,,,,,,,,,,,,
,,,,,,,,,,,,,,,,,,,,,,,,,
,,,,,,,,,,,,,,,,,,,,,,,,,
,,,,,,,,,,,,,,,,,,,,,,,,,
,,,,,,,,,,,,,,,,,,,,,,,,,
,,,,,,,,,,,,,,,,,,,,,,,,,
,,,,,,,,,,,,,,,,,,,,,,,,,
,,,,,,,,,,,,,,,,,,,,,,,,,
,,,,,,,,,,,,,,,,,,,,,,,,,
,,,,,,,,,,,,,,,,,,,,,,,,,
,,,,,,,,,,,,,,,,,,,,,,,,,
,,,,,,,,,,,,,,,,,,,,,,,,,
,,,,,,,,,,,,,,,,,,,,,,,,,
,,,,,,,,,,,,,,,,,,,,,,,,,
,,,,,,,,,,,,,,,,,,,,,,,,,
,,,,,,,,,,,,,,,,,,,,,,,,,
,,,,,,,,,,,,,,,,,,,,,,,,,
,,,,,,,,,,,,,,,,,,,,,,,,,
,,,,,,,,,,,,,,,,,,,,,,,,,
,,,,,,,,,,,,,,,,,,,,,,,,,
,,,,,,,,,,,,,,,,,,,,,,,,,
,,,,,,,,,,,,,,,,,,,,,,,,,
,,,,,,,,,,,,,,,,,,,,,,,,,
,,,,,,,,,,,,,,,,,,,,,,,,,
,,,,,,,,,,,,,,,,,,,,,,,,,
,,,,,,,,,,,,,,,,,,,,,,,,,
,,,,,,,,,,,,,,,,,,,,,,,,,
,,,,,,,,,,,,,,,,,,,,,,,,,
,,,,,,,,,,,,,,,,,,,,,,,,,
,,,,,,,,,,,,,,,,,,,,,,,,,
,,,,,,,,,,,,,,,,,,,,,,,,,
,,,,,,,,,,,,,,,,,,,,,,,,,
,,,,,,,,,,,,,,,,,,,,,,,,,
,,,,,,,,,,,,,,,,,,,,,,,,,
,,,,,,,,,,,,,,,,,,,,,,,,,
,,,,,,,,,,,,,,,,,,,,,,,,,
,,,,,,,,,,,,,,,,,,,,,,,,,
,,,,,,,,,,,,,,,,,,,,,,,,,
,,,,,,,,,,,,,,,,,,,,,,,,,
,,,,,,,,,,,,,,,,,,,,,,,,,
,,,,,,,,,,,,,,,,,,,,,,,,,
,,,,,,,,,,,,,,,,,,,,,,,,,
,,,,,,,,,,,,,,,,,,,,,,,,,
,,,,,,,,,,,,,,,,,,,,,,,,,
,,,,,,,,,,,,,,,,,,,,,,,,,
,,,,,,,,,,,,,,,,,,,,,,,,,
,,,,,,,,,,,,,,,,,,,,,,,,,
,,,,,,,,,,,,,,,,,,,,,,,,,
,,,,,,,,,,,,,,,,,,,,,,,,,
,,,,,,,,,,,,,,,,,,,,,,,,,
,,,,,,,,,,,,,,,,,,,,,,,,,
,,,,,,,,,,,,,,,,,,,,,,,,,
,,,,,,,,,,,,,,,,,,,,,,,,,
,,,,,,,,,,,,,,,,,,,,,,,,,
,,,,,,,,,,,,,,,,,,,,,,,,,
,,,,,,,,,,,,,,,,,,,,,,,,,
,,,,,,,,,,,,,,,,,,,,,,,,,
,,,,,,,,,,,,,,,,,,,,,,,,,
,,,,,,,,,,,,,,,,,,,,,,,,,
,,,,,,,,,,,,,,,,,,,,,,,,,
,,,,,,,,,,,,,,,,,,,,,,,,,
,,,,,,,,,,,,,,,,,,,,,,,,,
,,,,,,,,,,,,,,,,,,,,,,,,,
,,,,,,,,,,,,,,,,,,,,,,,,,
,,,,,,,,,,,,,,,,,,,,,,,,,
,,,,,,,,,,,,,,,,,,,,,,,,,
,,,,,,,,,,,,,,,,,,,,,,,,,
,,,,,,,,,,,,,,,,,,,,,,,,,
,,,,,,,,,,,,,,,,,,,,,,,,,
,,,,,,,,,,,,,,,,,,,,,,,,,
,,,,,,,,,,,,,,,,,,,,,,,,,
,,,,,,,,,,,,,,,,,,,,,,,,,
,,,,,,,,,,,,,,,,,,,,,,,,,
,,,,,,,,,,,,,,,,,,,,,,,,,
,,,,,,,,,,,,,,,,,,,,,,,,,
,,,,,,,,,,,,,,,,,,,,,,,,,
,,,,,,,,,,,,,,,,,,,,,,,,,
,,,,,,,,,,,,,,,,,,,,,,,,,
,,,,,,,,,,,,,,,,,,,,,,,,,
,,,,,,,,,,,,,,,,,,,,,,,,,
,,,,,,,,,,,,,,,,,,,,,,,,,
,,,,,,,,,,,,,,,,,,,,,,,,,
,,,,,,,,,,,,,,,,,,,,,,,,,
,,,,,,,,,,,,,,,,,,,,,,,,,
,,,,,,,,,,,,,,,,,,,,,,,,,
,,,,,,,,,,,,,,,,,,,,,,,,,
,,,,,,,,,,,,,,,,,,,,,,,,,
,,,,,,,,,,,,,,,,,,,,,,,,,
,,,,,,,,,,,,,,,,,,,,,,,,,
,,,,,,,,,,,,,,,,,,,,,,,,,
,,,,,,,,,,,,,,,,,,,,,,,,,
,,,,,,,,,,,,,,,,,,,,,,,,,
,,,,,,,,,,,,,,,,,,,,,,,,,
,,,,,,,,,,,,,,,,,,,,,,,,,
,,,,,,,,,,,,,,,,,,,,,,,,,
,,,,,,,,,,,,,,,,,,,,,,,,,
,,,,,,,,,,,,,,,,,,,,,,,,,
,,,,,,,,,,,,,,,,,,,,,,,,,
,,,,,,,,,,,,,,,,,,,,,,,,,
,,,,,,,,,,,,,,,,,,,,,,,,,
,,,,,,,,,,,,,,,,,,,,,,,,,
,,,,,,,,,,,,,,,,,,,,,,,,,
,,,,,,,,,,,,,,,,,,,,,,,,,
,,,,,,,,,,,,,,,,,,,,,,,,,
,,,,,,,,,,,,,,,,,,,,,,,,,
,,,,,,,,,,,,,,,,,,,,,,,,,
,,,,,,,,,,,,,,,,,,,,,,,,,
,,,,,,,,,,,,,,,,,,,,,,,,,
,,,,,,,,,,,,,,,,,,,,,,,,,
,,,,,,,,,,,,,,,,,,,,,,,,,
,,,,,,,,,,,,,,,,,,,,,,,,,
,,,,,,,,,,,,,,,,,,,,,,,,,
,,,,,,,,,,,,,,,,,,,,,,,,,
,,,,,,,,,,,,,,,,,,,,,,,,,
,,,,,,,,,,,,,,,,,,,,,,,,,
